{"cameraMode":{"drawMode":0,"name":"Shaded","section":"Shading Mode"},"sceneLighting":true,"audioPlay":false,"sceneViewState":{"m_AlwaysRefresh":false,"showFog":true,"showSkybox":true,"showFlares":true,"showImageEffects":true,"showParticleSystems":true,"showVisualEffectGraphs":true,"m_FxEnabled":true},"in2DMode":false,"pivot":{"x":-0.35021111369132998,"y":14.39971923828125,"z":-1.552337884902954},"rotation":{"x":0.6244840621948242,"y":0.07248418033123017,"z":-0.05847174674272537,"w":0.7754203081130981},"size":6.657763481140137,"orthographic":true}