{"cameraMode":{"drawMode":0,"name":"Shaded","section":"Shading Mode"},"sceneLighting":true,"audioPlay":false,"sceneViewState":{"m_AlwaysRefresh":false,"showFog":true,"showSkybox":true,"showFlares":true,"showImageEffects":true,"showParticleSystems":true,"showVisualEffectGraphs":true,"m_FxEnabled":true},"in2DMode":false,"pivot":{"x":474.91864013671877,"y":347.7785339355469,"z":16.642169952392579},"rotation":{"x":0.06420643627643585,"y":-0.08760213851928711,"z":0.005658197216689587,"w":0.9940675497055054},"size":300.7789611816406,"orthographic":true}