{"cameraMode":{"drawMode":0,"name":"Shaded","section":"Shading Mode"},"sceneLighting":true,"audioPlay":false,"sceneViewState":{"m_AlwaysRefresh":false,"showFog":true,"showSkybox":true,"showFlares":true,"showImageEffects":true,"showParticleSystems":true,"showVisualEffectGraphs":true,"m_FxEnabled":true},"in2DMode":false,"pivot":{"x":0.9064731001853943,"y":3.285529375076294,"z":-3.1810996532440187},"rotation":{"x":0.11204507201910019,"y":-0.27922412753105166,"z":0.03271976485848427,"w":0.9530269503593445},"size":2.705540418624878,"orthographic":true}