{"cameraMode":{"drawMode":0,"name":"Shaded","section":"Shading Mode"},"sceneLighting":true,"audioPlay":false,"sceneViewState":{"m_AlwaysRefresh":false,"showFog":true,"showSkybox":true,"showFlares":true,"showImageEffects":true,"showParticleSystems":true,"showVisualEffectGraphs":true,"m_FxEnabled":true},"in2DMode":false,"pivot":{"x":-4.627528667449951,"y":-2.1691157817840578,"z":13.749396324157715},"rotation":{"x":-0.12343866378068924,"y":0.34974628686904909,"z":-0.04654665291309357,"w":-0.9275001883506775},"size":10.810129165649414,"orthographic":false}