{"cameraMode":{"drawMode":0,"name":"Shaded","section":"Shading Mode"},"sceneLighting":true,"audioPlay":false,"sceneViewState":{"m_AlwaysRefresh":false,"showFog":true,"showSkybox":true,"showFlares":true,"showImageEffects":true,"showParticleSystems":true,"showVisualEffectGraphs":true,"m_FxEnabled":true},"in2DMode":false,"pivot":{"x":-10.076316833496094,"y":-3.0628774166107179,"z":10.699759483337403},"rotation":{"x":-0.0980452224612236,"y":0.4881846308708191,"z":-0.055307406932115558,"w":-0.8654360771179199},"size":10.639344215393067,"orthographic":false}